business_name,address,owner_name,email,phone,website,category,city,source
Café Intermezzo - Midtown,"1065 Peachtree St NE, Atlanta, GA 30309, USA",,polson@cafeintermezzo.com,(404) 355-0411,http://www.cafeintermezzo.com/,cafes,"Atlanta, USA",google_maps
Black Coffee Atlanta,"1800 Jonesboro Rd SE Suite C, Atlanta, GA 30315, USA",,contact@theblackcoffeecompany.com,(404) 482-1098,https://www.theblackcoffeecompany.com/black-coffee-atl,cafes,"Atlanta, USA",google_maps
Carroll Street Cafe,"208 Carroll St SE, Atlanta, GA 30312, USA",,carrollstreetcafe@gmail.com,(404) 577-2700,http://carrollstreetcabbagetown.com/,cafes,"Atlanta, USA",google_maps
Café Lucia,"57 Forsyth St NW, Atlanta, GA 30303, USA",,cafelucia.shop@gmail.com,(404) 968-9658,http://cafelucia.shop/,cafes,"Atlanta, USA",google_maps
Drip,"928 Garrett St B, Atlanta, GA 30316, USA",,dripatl@hotmail.com,(404) 627-7375,http://www.dripatlanta.com/,cafes,"Atlanta, USA",google_maps
Omni Coffee & Eggs,"261 Peters St SW, Atlanta, GA 30313, USA",,info@omnicoffeeandeggs.com,(404) 254-2029,http://omnicoffeeandeggs.com/,cafes,"Atlanta, USA",google_maps
Condesa Coffee,"480 John Wesley Dobbs Ave NE UNIT 100, Atlanta, GA 30312, USA",,info@condesacoffee.com,(404) 524-5054,http://www.condesacoffee.com/oldfourthward,cafes,"Atlanta, USA",google_maps
Black Coffee ATL,"1246 Allene Ave SW, Atlanta, GA 30310, USA",,westside@blackcoffeeatl.com,(404) 343-1565,http://www.blackcoffeeatl.com/,cafes,"Atlanta, USA",google_maps
Chuffed,"43 High Street, Auckland CBD, Auckland 1010, New Zealand",,chuffedbooking@gmail.com,09 367 6801,https://www.chuffed.co.nz/,cafes,"Auckland, New Zealand",google_maps
Scarecrow Mediterranean Cafe,"33 Victoria Street East, Auckland 1010, New Zealand",,store@scarecrow.co.nz,09 377 1333,http://scarecrow.co.nz/,cafes,"Auckland, New Zealand",google_maps
Crave,"6 Morningside Drive, Morningside, Auckland 1025, New Zealand",,bookings@cravecafe.co.nz,09 845 4714,http://cravecafe.co.nz/,cafes,"Auckland, New Zealand",google_maps
MELBA Vulcan,"33 Vulcan Lane, Auckland CBD, Auckland 1010, New Zealand",,vulcan@melba.nz,09 377 0091,https://melba.nz/vulcan-lane,cafes,"Auckland, New Zealand",google_maps
Honey Cafe CBD,"44/46 Lorne Street, Auckland CBD, Auckland 1010, New Zealand",,honeycafecbd2025@gmail.com,09 300 6327,https://honeycafe.co.nz/cbd/,cafes,"Auckland, New Zealand",google_maps
FLUFF Cafe & Eatery,"Unit 7G/38 Khyber Pass Road, Grafton, Auckland 1023, New Zealand",,info@fluffhouse.co.nz,09 282 1206,https://www.fluffhouse.co.nz/,cafes,"Auckland, New Zealand",google_maps
Bestie Cafe,"179/183 Karangahape Road, Auckland CBD, Auckland 1010, New Zealand",,info@bestiecafe.co.nz,,http://bestiecafe.co.nz/,cafes,"Auckland, New Zealand",google_maps
The Pantry,"Park Hyatt Auckland 99 Halsey Street, Auckland CBD, Auckland 1010, New Zealand",,thepantry@hyatt.com,09 366 2501,https://hyattpantry.co.nz/,cafes,"Auckland, New Zealand",google_maps
Little Q,"460 New North Road, Kingsland, Auckland 1021, New Zealand",,cafe@littleq.co.nz,09 815 0660,https://littleq.co.nz/,cafes,"Auckland, New Zealand",google_maps
Winona Forever,"100 Parnell Road, Parnell, Auckland 1052, New Zealand",,info@winonaforever.co.nz,09 974 2796,http://winonaforever.co.nz/,cafes,"Auckland, New Zealand",google_maps
The Coffee House Barcelona,"Carrer de València, 143, Eixample, 08011 Barcelona, Spain",,thecoffeehousebcn@gmail.com,631 05 08 36,https://www.thecoffeehousebcn.com/,cafes,"Barcelona, Spain",google_maps
Dalston Coffee Barcelona - Cafè d'especialitat - Coffee Roasters,"Carrer de les Ramelleres, 16, Ciutat Vella, 08001 Barcelona, Spain",,info@dalstoncoffee.com,623 98 27 94,http://www.dalstoncoffee.com/,cafes,"Barcelona, Spain",google_maps
Vera Cafè,"Carrer d'En Mònec, 6, Ciutat Vella, 08003 Barcelona, Spain",,veraacoffee@gmail.com,638 53 67 02,http://veraacafe.com/,cafes,"Barcelona, Spain",google_maps
Bloome By Sasha | Brunch Sin Gluten Gótico,"Via Laietana, 45, Ciutat Vella, 08003 Barcelona, Spain",,bloomebysasha@gmail.com,602 50 03 35,https://www.bloomebysasha.es/brunch-gotico,cafes,"Barcelona, Spain",google_maps
Roast Club Café,"Carrer de València, 190, Eixample, 08011 Barcelona, Spain",,info@roastclub.coffee,935 18 77 11,http://roastclub.coffee/,cafes,"Barcelona, Spain",google_maps
paradero | Barcelona,"Carrer del Comte Borrell, 107, Eixample, 08015 Barcelona, Spain",,info@paradero.eu,613 03 09 14,http://www.paradero.eu/,cafes,"Barcelona, Spain",google_maps
Three Marks Coffee,"Carrer d'Ausiàs Marc, 151, Eixample, 08013 Barcelona, Spain",,club@threemarkscoffee.com,617 82 42 84,http://www.threemarkscoffee.com/,cafes,"Barcelona, Spain",google_maps
NOVELA - COFFEE / BRUNCH / COCKTAILS,"Carrer d'Ausiàs Marc, 31, Eixample, 08010 Barcelona, Spain",,info@novelabcn.com,931 65 34 40,http://www.novelabcn.com/,cafes,"Barcelona, Spain",google_maps
Casa Café Cultor,"Cl. 70a #9 - 44 Casa, Bogotá, Colombia",,tienda.casa@cafecultor.co,315 5431596,https://www.cafecultor.co/,cafes,"Bogota, Colombia",google_maps
Arte y pasión Café: Escuela de baristas,"Cl. 10 #8 - 87, Bogotá, Colombia",,arteypasioncafe@gmail.com,317 5097835,https://arteypasioncafe.com/,cafes,"Bogota, Colombia",google_maps
Juan Valdez - Zona G,"Cl. 70 #6 – 09, Chapinero, Bogotá, Cundinamarca, Colombia",,cuentaconjuan@juanvaldezcafe.com,,https://juanvaldez.com/,cafes,"Bogota, Colombia",google_maps
Café Casa Galería,"Cl. Del Embudo #12B - 92, Bogotá, Colombia",,experiencias@casagaleria.co,321 2683638,https://casagaleria.co/,cafes,"Bogota, Colombia",google_maps
Tropicalia Coffee,"Cl. 81a #8-23, Bogotá, Colombia",,admin@tropicaliacoffee.com,322 6802553,https://www.tropicaliacoffee.com/,cafes,"Bogota, Colombia",google_maps
DV Café Especial.,"Centro histórico, Cl. 12b #4-06, La Candelaria, Bogotá, Colombia",,experiencias@divinocafeespecial.com,317 3810597,https://www.divinocafeespecial.com/,cafes,"Bogota, Colombia",google_maps
Café Monstruo,"Cra. 18 #84 84, Bogotá, Colombia",,cafemonstruogerencia@gmail.com,311 2615249,http://www.cafemonstruo.com/,cafes,"Bogota, Colombia",google_maps
Café Tortoni,"Av. de Mayo 825, C1084 Cdad. Autónoma de Buenos Aires, Argentina",,tortoni@cafetortoni.com.ar,011 4342-4328,http://www.cafetortoni.com.ar/,cafes,"Buenos Aires, Argentina",google_maps
Las Violetas,"Av. Rivadavia 3899, C1204 Cdad. Autónoma de Buenos Aires, Argentina",,contacto@lasvioletas.com,011 4958-7387,http://www.lasvioletas.com/,cafes,"Buenos Aires, Argentina",google_maps
DOC Café,"Aráoz 645, C1414 Cdad. Autónoma de Buenos Aires, Argentina",,cafeina@doccafe.com.ar,011 6196-5270,http://doccafe.com.ar/,cafes,"Buenos Aires, Argentina",google_maps
Full City Coffee Roasters,"Thames 1535, C1414 Cdad. Autónoma de Buenos Aires, Argentina",,oraclegym@gmail.com,,http://www.fullcity.com.ar/,cafes,"Buenos Aires, Argentina",google_maps
Joe's Café Dubai,"fashion Avenue First Floor, Dubai Mall Star Atrium - Gate 6 - Burj Khalifa - Downtown Dubai - Dubai - United Arab Emirates",,joescafedubai@binhendiholding.com,04 320 0040,https://www.joescafedubai.com/,cafes,"Dubai, UAE",google_maps
Hoof Dubai Mall,Dubai Mall service road - Burj Khalifa - Downtown Dubai - Dubai - United Arab Emirates,,info@behindthecup.ae,04 332 9950,https://behindthecup.ae/,cafes,"Dubai, UAE",google_maps
"Arabian Tea House Restaurant & Cafe - Al Fahidi, Dubai",Bastakiya Opposite Musalla Post Office - Al Fahidi St - Bur Dubai - Al Fahidi - Dubai - United Arab Emirates,,info@arabianteahouse.com,04 353 5071,http://www.arabianteahouse.com/,cafes,"Dubai, UAE",google_maps
Ores Cafe,Street - 442 شارع الوصل - opposite Boxpark - جميرا - جميرا الثانية - دبي - United Arab Emirates,,info@orescafe.com,050 945 4111,http://orescafe.com/,cafes,"Dubai, UAE",google_maps
Nargileci Eleven Cafe,Building Al Emreef St - Marsa Dubai - Dubai Marina - Dubai - United Arab Emirates,,nargileci@neleven.ae,04 591 1612,https://nargileci.neleven.ae/,cafes,"Dubai, UAE",google_maps
Nomad Day Bar,25hours Hotel Dubai One Central - شارع المستقبل - off شارع الشيخ زايد - المركز التجاري الثانية - دبي - United Arab Emirates,,coffee@nomaddaybar.com,04 210 2522,https://www.nomaddaybar.com/,cafes,"Dubai, UAE",google_maps
TEN 11 (The Dubai Mall),Level 2 Fashion Avenue The Dubai Mall - برج خليفة - وسط مدينة دبي - دبي - United Arab Emirates,The Managing Director,ten11cafe@gmail.com,600 533339,https://www.ten11cafe.ae/,cafes,"Dubai, UAE",google_maps
Stomping Grounds,98 12D St - Jumeirah - Jumeirah 1 - Dubai - United Arab Emirates,,info@stompinggrounds.ae,04 344 4451,http://www.stompinggrounds.ae/,cafes,"Dubai, UAE",google_maps
Ezra & Gil,"20 Hilton St, Manchester M1 1FR, UK",,hello@ezraandgil.co.uk,,http://www.ezraandgil.com/,cafes,"Manchester, UK",google_maps
POT KETTLE BLACK Barton Arcade,"Manchester M3 2BW, UK",,hello@potkettleblackltd.co.uk,,https://potkettleblackltd.co.uk/,cafes,"Manchester, UK",google_maps
Bruncho,"270 Deansgate, Manchester M3 4JB, UK",,info@oralounge.uk,07708 433823,https://bruncho.co.uk/,cafes,"Manchester, UK",google_maps
Evelyn's,"44 Tib St, Manchester M4 1LA, UK",,hello@evelyns.co,0161 834 3303,http://www.evelyns.co/,cafes,"Manchester, UK",google_maps
Sugar Junction,"60 Tib St, Manchester M4 1LG, UK",,sugarjunctionmcr@gmail.com,0161 839 4753,http://www.sugarjunction.co.uk/,cafes,"Manchester, UK",google_maps
Federal Cafe Bar,"Unit B2 - 2, Circle Square, Oxford Rd, Manchester M1 7FS, UK",,jobs@federalcafe.co.uk,,https://www.federalcafe.co.uk/,cafes,"Manchester, UK",google_maps
Cafe North,"66 Shudehill, Manchester M4 4AA, UK",,cafenorth@outlook.com,0161 637 7480,http://www.cafenorth.org/,cafes,"Manchester, UK",google_maps
The Koffee Pot,"84-86 Oldham St, Manchester M4 1LE, UK",,hello@thekoffeepot.co.uk,0161 236 8918,https://www.thekoffeepot.co.uk/menus,cafes,"Manchester, UK",google_maps
Cafebrería El Péndulo Roma,"Av. Álvaro Obregón 86, Roma Nte., Cuauhtémoc, 06700 Ciudad de México, CDMX, Mexico",,web@pendulo.com,55 5574 7034,http://pendulo.com/,cafes,"Mexico City, Mexico",google_maps
Café Memorias de un Barista,"Frontera 83, Roma Nte., Cuauhtémoc, 06700 Ciudad de México, CDMX, Mexico",,memoriasdeunbarista@gmail.com,55 5207 6201,http://www.memoriasdeunbarista.com/,cafes,"Mexico City, Mexico",google_maps
Kala Ghoda Cafe,"10, Rope Walk Ln, Kala Ghoda, Fort, Mumbai, Maharashtra 400001, India",,info@kgcafe.in,098338 03418,https://kgcafe.in/,cafes,"Mumbai, India",google_maps
Bombay To Barcelona Library Cafe,"Timmy Arcade, 778, Makwana Rd, Gamdevi, Marol, Andheri East, Mumbai, Maharashtra 400059, India",,bombay2barcelonalc@gmail.com,077384 46788,http://www.bombaytobarcelonalibrarycafe.com/,cafes,"Mumbai, India",google_maps
Mockingbird Cafe Bar,"80, Veer Nariman Rd, Churchgate, Mumbai, Maharashtra 400020, India",,contact@mockingbirdcafebar.com,080976 06010,http://www.mockingbirdcafebar.com/,cafes,"Mumbai, India",google_maps
Bayleaf Cafe,"32, Juhu Rd, Janki Kutir, Juhu Tara, Juhu, Mumbai, Maharashtra 400049, India",,bayleafcafejuhu@gmail.com,084549 44954,https://bayleafcafe.in/,cafes,"Mumbai, India",google_maps
The Homemade Cafe,"Shop No. 4, 41, kaveri Building, Near, Oshiwara Police Station Rd, Anand Nagar, Andheri West, Mumbai, Maharashtra 400102, India",,thehomemadecafe4@gmail.com,070458 94299,http://thehomemadecafe.co.in/,cafes,"Mumbai, India",google_maps
Aromas Café & Bistro,"G6, Ventura Building, सेंट्रल एवेन्यू, opposite DMart, Hiranandani Gardens, Powai, Mumbai, Maharashtra 400076, India",,info@ihpl.asia,082911 66739,http://aromas.asia/,cafes,"Mumbai, India",google_maps
Fair Trade Cafe,"1020 N 1st Ave, Phoenix, AZ 85003, USA",,info@azfairtrade.com,(602) 354-8150,https://azfairtrade.com/?y_source=1_NTgwNjEyNjUtNzE1LWxvY2F0aW9uLndlYnNpdGU%3D,cafes,"Phoenix, USA",google_maps
"Songbird Coffee & Tea House - Phoenix, AZ","812 N 3rd St Ac, Phoenix, AZ 85004, USA",,info@songbirdcoffeehouse.com,(602) 374-4192,http://www.songbirdcoffeehouse.com/,cafes,"Phoenix, USA",google_maps
The Coffee Builders,"901 S 7th St Bldg C, Phoenix, AZ 85034, USA",,creative@thecoffeebuilders.com,(602) 904-7550,http://www.thecoffeebuilders.com/,cafes,"Phoenix, USA",google_maps
Case Study Coffee Lounge,"4802 N 16th St, Phoenix, AZ 85016, USA",,william@casestudycoffeelounge.com,(480) 590-4270,https://www.casestudycoffeelounge.com/,cafes,"Phoenix, USA",google_maps
Mis Raices Cafe,"1325 Grand Ave Suite 3, Phoenix, AZ 85007, USA",,misraicescafeaz@gmail.com,(602) 675-2228,http://misraicescafe.com/,cafes,"Phoenix, USA",google_maps
Fillmore Coffee Co.,"600 N 4th St, Phoenix, AZ 85004, USA",,info@fillmorecoffeeco.com,(928) 232-8527,http://www.fillmorecoffeeco.com/,cafes,"Phoenix, USA",google_maps
dialog,"1001 N Central Ave suite 110, Phoenix, AZ 85004, USA",,hello@dialogphx.com,(602) 760-6911,http://dialogphx.com/,cafes,"Phoenix, USA",google_maps
Let's Meet Up,"3058 N 16th St Suite A, Phoenix, AZ 85016, USA",Up Let,info@redstakesolutions.com,,http://www.letsmeetup.coffee/,cafes,"Phoenix, USA",google_maps
The Populus,"146 Neil Rd, Singapore 088875",,enquiries@thepopuluscafe.com,6635 8420,https://thepopulus.cafe/,cafes,Singapore,google_maps
Common Man Coffee Roasters - Martin Road,"22 Martin Rd, #01-00, Singapore 239058",,training@cmcroasters.com,6836 4695,https://commonmancoffeeroasters.com/?utm_source=google&utm_medium=organic&utm_campaign=gmb_martin_road,cafes,Singapore,google_maps
MERCI MARCEL ORCHARD,"390 Orchard Road, 01-03 Palais Renaissance, 390 Orchard Rd, #01 - 03 / 04, Singapore 238871",,hello@mercimarcelgroup.com,6970 9792,http://www.mercimarcelgroup.com/,cafes,Singapore,google_maps
Rise Bakehouse @ TripleOne Somerset,"111 Somerset Rd, #01-05 TripleOne Somerset, Singapore 238164",,hello@risebakehouse.sg,8928 9111,https://risebakehouse.sg/,cafes,Singapore,google_maps
Brunches Cafe,"96 Rangoon Rd, Singapore 218381",,contactus@brunches.sg,8685 8488,http://brunches.sg/,cafes,Singapore,google_maps
Wildseed Café at The Summerhouse,"3 Park Ln, Level 1A Seletar Aerospace Drive, Singapore 798387",,enquiry@thesummerhouse.sg,8126 7524,https://www.wildseedcafe.sg/the-summerhouse,cafes,Singapore,google_maps
Cafe de Muse - The Restaurant,"350 Orchard Road, Shaw House, #01-K5/K6 Orchard, Singapore 238868",,jris@cafedemusesg.com,6970 5011,https://www.cafedemusesg.com/,cafes,Singapore,google_maps
Wildseed Cafe At The Garage,"50 Cluny Park Rd, Level 1 Singapore Botanic Gardens, Singapore 257488",,wildseedcafesbg@thegarage.sg,9815 3213,https://www.wildseedcafe.sg/the-garage,cafes,Singapore,google_maps
CAFE KREAMS,"32 Maxwell Rd, #01-07 Maxwell Chambers, Singapore 069115",,admin@mininve.com,9673 2307,http://www.kreams.sg/,cafes,Singapore,google_maps
The Book Cafe,"20 Martin Rd, #01-02 Seng Kee Building, Singapore 239070",,info@thebookcafe.com.sg,6887 5430,https://www.thebookcafesg.com/,cafes,Singapore,google_maps
Le Jardin Cafe | Fort Canning,"5 Cox Terrace, Level 2 Fort Canning Arts Centre, Singapore 179620",,enquiries@lejardin.com.sg,8870 9977,http://www.lejardin.com.sg/,cafes,Singapore,google_maps
Atlas Coffeehouse,"6 Duke's Rd, Singapore 268886",,hello@atlascoffeehouse.com.sg,6314 2674,http://www.atlascoffeehouse.com.sg/,cafes,Singapore,google_maps
Symmetry,"9 Jln Kubor, #01-01, Singapore 199206",,info@symmetry.com.sg,6291 9901,http://www.symmetry.com.sg/,cafes,Singapore,google_maps
Padaria Bella Paulista,"Rua Haddock Lobo, 354 - Cerqueira César, São Paulo - SP, 01414-000, Brazil",,sac@bellapaulista.com,(11) 3214-3347,https://padariabellapaulista.com.br/,cafes,"Sao Paulo, Brazil",google_maps
Urbe Cafe Bar,"R. Antônio Carlos, 404 - Consolação, São Paulo - SP, 01309-010, Brazil",,lojaonline@urbecafe.com.br,(11) 99344-8165,http://www.urbecafe.com.br/,cafes,"Sao Paulo, Brazil",google_maps
London Coffee Station,"Rua Jardim Ivone, 21 - Vila Mariana, São Paulo - SP, 04105-020, Brazil",,londoncoffeestation@gmail.com,(11) 93099-1094,http://www.londoncoffeestation.com.br/,cafes,"Sao Paulo, Brazil",google_maps
Um Coffee Co.,"R. Júlio Conceição, 553 - Bom Retiro, São Paulo - SP, 01126-001, Brazil",,cafe@umcoffeeco.com.br,(11) 3229-3988,http://www.umcoffeeco.com.br/,cafes,"Sao Paulo, Brazil",google_maps
Sterna Café - Jardins,"R. Augusta, 2840 - Cerqueira César, São Paulo - SP, 01412-100, Brazil",,sac@sternacafe.com.br,(11) 93801-0157,https://sternacafe.com.br/,cafes,"Sao Paulo, Brazil",google_maps
CAFE REISSUE,"3-chōme-25-7 Jingūmae, Shibuya, Tokyo 150-0001, Japan",,reissue2015@outlook.jp,03-5785-3144,https://www.reissue.co.jp/,cafes,"Tokyo, Japan",google_maps
GLITCH COFFEE & ROASTERS,"Japan, 〒101-0054 Tokyo, Chiyoda City, Kanda Nishikichō, 3-chōme−１６ １階",,press@glitchcoffee.com,03-5244-5458,https://glitchcoffee.com/,cafes,"Tokyo, Japan",google_maps
MIA MIA Tokyo,"4-chōme-10-1 Nagasaki, Toshima City, Tokyo 171-0051, Japan",,hello@mia-mia.tokyo,,http://www.mia-mia.tokyo/,cafes,"Tokyo, Japan",google_maps
Pokemon Cafe Tokyo Nihombashi,"Japan, 〒103-0027 Tokyo, Chuo City, Nihonbashi, 2-chōme−11−２ 髙島屋S.C.東館 ５階",,pokemon-cafe-cs@sld-inc.com,03-6262-3439,https://www.pokemon-cafe.jp/ja/cafe/,cafes,"Tokyo, Japan",google_maps
Tokyo Little House,"3-chōme-6-12 Akasaka, Minato City, Tokyo 107-0052, Japan",,hello@littlehouse.tokyo,,http://littlehouse.tokyo/,cafes,"Tokyo, Japan",google_maps
KOFFEE MAMEYA,"4-chōme-15-3 Jingūmae, Shibuya, Tokyo 150-0001, Japan",,info@koffee-mameya.com,03-5413-9422,http://koffee-mameya.com/,cafes,"Tokyo, Japan",google_maps
Ninja Experience Cafe Harajuku In Tokyo,"Japan, 〒150-0001 Tokyo, Shibuya, Jingūmae, 1-chōme−16−１１ 539 Bldg., B1",,info@ninja-cafe.com,070-9117-2841,https://ninja-cafe.com/en/harajuku/,cafes,"Tokyo, Japan",google_maps
Cafe Medina,"780 Richards St, Vancouver, BC V6B 2W1, Canada",,reservations@medinacafe.com,(604) 879-3114,http://www.medinacafe.com/,cafes,"Vancouver, Canada",google_maps
Bahar Bakery & Cafe,"579 Robson St, Vancouver, BC V6B 1A6, Canada",,baharbakerycafe@gmail.com,,https://www.baharbakery.ca/,cafes,"Vancouver, Canada",google_maps
"Perfecto Cafe, Bakery & Gelato (Davie)","605 Davie St, Vancouver, BC V6B 2G6, Canada",,info@perfectocafe.ca,(604) 428-2112,https://www.perfectocafe.ca/,cafes,"Vancouver, Canada",google_maps
New Amsterdam Cafe,"301 W Hastings St, Vancouver, BC V6B 1H6, Canada",,hi@newamsterdamcafe.com,(604) 682-8955,http://newamsterdamcafe.com/,cafes,"Vancouver, Canada",google_maps
Prototype Coffee,"883 E Hastings St, Vancouver, BC V6A 1R8, Canada",,coffee@prototypecoffee.ca,(604) 251-6451,https://www.prototypecoffee.ca/,cafes,"Vancouver, Canada",google_maps
Nelson the Seagull Cafe | Sourdough Baked Daily,"315 Carrall St, Vancouver, BC V6B 2J4, Canada",,info@nelsontheseagull.com,(604) 681-5776,http://www.nelsontheseagull.com/,cafes,"Vancouver, Canada",google_maps
Cafe Bonjour,"55 Temple Pl, Boston, MA 02111, USA",,info@dreamingcode.com,(617) 779-0062,https://www.cafebonjourboston.com/,cafes,"Boston, USA",google_maps
Thinking Cup,"85 Newbury St, Boston, MA 02116, USA",,info@thinkingcup.com,(617) 247-3333,http://thinkingcup.com/,cafes,"Boston, USA",google_maps
Trident Booksellers & Cafe,"338 Newbury St, Boston, MA 02115, USA",,orders@tridentbookscafe.com,(617) 267-8688,http://www.tridentbookscafe.com/,cafes,"Boston, USA",google_maps
Storyville Coffee Pike Place,"94 Pike St Top floor Suite 34, Seattle, WA 98101, USA",,info@storyville.com,(206) 780-5777,https://storyville.com/pages/pike-place-market,cafes,"Seattle, USA",google_maps
Bacco Cafe,"86 Pine St, Seattle, WA 98101, USA",,baccocafe@gmail.com,(206) 355-8887,http://baccocafe.com/,cafes,"Seattle, USA",google_maps
Good Voyage,"8520 14th Ave S, Seattle, WA 98108, USA",,info@goodvoyageseattle.com,,http://www.goodvoyageseattle.com/,cafes,"Seattle, USA",google_maps
Citizen Collective,"706 Taylor Ave N, Seattle, WA 98109, USA",,info@citizen-collective.com,(206) 284-1015,http://citizen-collective.com/,cafes,"Seattle, USA",google_maps
Zeitgeist Coffee,"171 S Jackson St, Seattle, WA 98104, USA",,info@zeitgeistcoffee.com,(206) 583-0497,http://zeitgeistcoffee.com/,cafes,"Seattle, USA",google_maps
The Usual,"1414 E Yesler Wy, Seattle, WA 98122, USA",,theusualcafe@yahoo.com,,https://theusual.squarespace.com/,cafes,"Seattle, USA",google_maps
Aroom Coffee Fremont,"3801 Stone Way N Suite C, Seattle, WA 98103, USA",,hello@aroomcoffee.com,(206) 960-9609,https://www.aroomcoffee.com/,cafes,"Seattle, USA",google_maps
Stone Way Cafe,"3525 Stone Way N, Seattle, WA 98103, USA",,info@stonewaycafe.com,(206) 420-4435,http://www.stonewaycafe.com/,cafes,"Seattle, USA",google_maps
Faculty Coffee,"14 Piccadilly Arcade, Birmingham B2 4HD, UK",,hello@facultycoffee.com,0121 448 7543,http://www.facultycoffee.com/,cafes,"Birmingham, UK",google_maps
Cherry Red's Cafe Bar,"88-92 John Bright St, Birmingham B1 1BN, UK",,people@cherryreds.com,0121 643 5716,http://www.cherryreds.com/,cafes,"Birmingham, UK",google_maps
Coffee Joint,"110 Digbeth, Birmingham B5 6DT, UK",,info@coffeejoint.co.uk,07777 333425,https://www.coffeejoint.co.uk/?utm_source=GBP.website&utm_medium=GBP&utm_campaign=br13062-website,cafes,"Birmingham, UK",google_maps
Rising Cafe,"58 Chester St, Birmingham B6 4BE, UK",,birmingham@risingcafe.co.uk,0121 594 0640,https://www.risingcafe.co.uk/birmingham,cafes,"Birmingham, UK",google_maps
Ju Ju's Cafe Birmingham,"Watermarque, Canal Square, 100 Browning St, Birmingham B16 8EH, UK",,julia@jujuscafe.org.uk,0121 456 3384,http://www.jujuscafe.co.uk/,cafes,"Birmingham, UK",google_maps
Saint Kitchen - JQ,"Unit 2, 61 St Paul's Square, Birmingham B3 1QS, UK",,hi@saintkitchen.com,0121 236 2940,http://www.saintkitchen.com/,cafes,"Birmingham, UK",google_maps
200 Degrees Coffee Shop & Barista School,"21 Colmore Row, Birmingham B3 2BH, UK",Up All,colmorerow@200degs.com,0121 312 4375,http://www.200degs.com/birmingham-colmore-row,cafes,"Birmingham, UK",google_maps
Wayland’s Yard Coffee & Brunch Cafe / Diner,"42 Bull St, Birmingham B4 6AF, UK",,hi@waylandsyard.co.uk,,https://www.waylandsyard.co.uk/,cafes,"Birmingham, UK",google_maps
Coffee Tales Jewellery Quarter,"Unit 2, 17-21 Warstone Ln, Birmingham B18 6HP, UK",,hello@coffee-tales.com,0121 212 3531,http://www.coffee-tales.com/,cafes,"Birmingham, UK",google_maps
Ottoman Coffeehouse,"73 Berkeley St., Glasgow G3 7DX, UK",,admin@ottomancoffeehouse.co.uk,0141 588 5982,http://www.ottomancoffeehouse.co.uk/,cafes,"Glasgow, UK",google_maps
Singl-end Merchant City,"15 John St, Glasgow G1 1HP, UK",,garnethill@thesingl-end.co.uk,0141 552 4433,https://www.thesingl-end.co.uk/,cafes,"Glasgow, UK",google_maps
Sorriso Cafe,"81 Candleriggs, Glasgow G1 1NP, UK",,sorrisoglasgow@gmail.com,0141 737 6861,https://www.sorrisocafe.co.uk/,cafes,"Glasgow, UK",google_maps
Crew Collective & Cafe,"360 Rue Saint-Jacques, Montréal, QC H2Y 1P5, Canada",,josianne@crewcollectivecafe.com,(514) 285-7095,https://crewcollectivecafe.com/,cafes,"Montreal, Canada",google_maps
"La Finca Café | Café, Marché Local Lunch De Quartier Dans La Région De Montréal","1067 Rue de Bleury, Montréal, QC H2Z 1N1, Canada",,info@lafinca.ca,(514) 903-8911,http://www.lafinca.ca/,cafes,"Montreal, Canada",google_maps
Bar Caffettiera,"2055 Rue Stanley, Montréal, QC H3A 0B7, Canada",,info@caffettiera.ca,(514) 507-2055,http://caffettiera.ca/,cafes,"Montreal, Canada",google_maps
Cafe Aunja,"1448 Rue Sherbrooke O, Montréal, QC H3G 1K4, Canada",,info@aunja.com,(514) 914-8337,http://aunja.com/,cafes,"Montreal, Canada",google_maps
Café Parvis,"433 Rue Mayor, Montréal, QC H3A 1N9, Canada",,info@cafeparvis.com,(514) 764-3589,http://cafeparvis.com/,cafes,"Montreal, Canada",google_maps
Amea Café,"1188 Rue Sherbrooke O, Montréal, QC H3A 1H6, Canada",,rsvp@ameacafe.com,,http://www.ameacafe.com/,cafes,"Montreal, Canada",google_maps
Alforno Bakery & Cafe,"222 7 St SW, Calgary, AB T2P 0E4, Canada",,orders@alforno.ca,(403) 454-0308,http://alforno.ca/,cafes,"Calgary, Canada",google_maps
The Rooftop YYC,"414 3 St SW, Calgary, AB T2P 1R2, Canada",Heights Rise Above,reservations@therooftop.ca,(403) 262-0080,https://www.therooftop.ca/,cafes,"Calgary, Canada",google_maps
Higher Ground Cafe,"1126 Kensington Rd NW, Calgary, AB T2N 3P3, Canada",,info@highergroundcafe.ca,(403) 270-3780,http://highergroundcafe.ca/,cafes,"Calgary, Canada",google_maps
Sought and Found Coffee Roasters,"916 Centre St N, Calgary, AB T2E 2P7, Canada",,meetme@soughtxfound.coffee,(403) 830-7278,https://www.soughtxfound.coffee/,cafes,"Calgary, Canada",google_maps
Analog Coffee 17 Ave,"740 17 Ave SW, Calgary, AB T2S 0B7, Canada",,orderdesk@analogcoffee.ca,(587) 356-0042,http://www.analogcoffee.ca/,cafes,"Calgary, Canada",google_maps
ZCREW Cafe,"401 11 Ave SE, Calgary, AB T2G 1H7, Canada",,info@zcrewcafe.com,(403) 460-6668,https://zcrewcafe.com/,cafes,"Calgary, Canada",google_maps
Calgary Heritage Roasting Company,"2020 11 St SE, Calgary, AB T2G 3G3, Canada",,info@canadianheritageroastingco.com,(403) 455-2472,http://www.calgaryheritageroastingco.com/,cafes,"Calgary, Canada",google_maps
Brew Cafe & Wine Bar,"Lower Burnett Ln, Brisbane City QLD 4000, Australia",,bookings@brewcafewinebar.com.au,(07) 3211 4242,https://www.brewcafewinebar.com.au/,cafes,"Brisbane, Australia",google_maps
Blue Bear Coffeehouse,"92 James St, New Farm QLD 4005, Australia",,b.b.coffeehouse@outlook.com,,https://bluebearcoffeehouse.squarespace.com/,cafes,"Brisbane, Australia",google_maps
Babylon Brisbane,"145 Eagle St, Brisbane City QLD 4000, Australia",,info@babylonbrisbane.com.au,(07) 3186 6655,http://www.babylonbrisbane.com.au/,cafes,"Brisbane, Australia",google_maps
QAG Cafe,"Queensland Art Gallery, Stanley Pl, South Brisbane QLD 4101, Australia",,feedback@qagoma.qld.gov.au,,https://www.qagoma.qld.gov.au/visit/eat-and-drink/,cafes,"Brisbane, Australia",google_maps
"Farmhouse, Kedron Cafe","9 Somerset Rd, Kedron QLD 4031, Australia",,hello@farmhousekedron.com.au,(07) 3861 1956,https://www.farmhousekedron.com.au/,cafes,"Brisbane, Australia",google_maps
One60 Café,"160 Murray Street Mall, Perth WA 6000, Australia",Leila At One,info@one60cafe.com.au,0478 485 875,http://one60cafe.com.au/,cafes,"Perth, Australia",google_maps
La Veen Coffee - King Street,"79 King St, Perth WA 6000, Australia",,online@laveencoffee.com.au,,http://www.laveencoffee.com.au/,cafes,"Perth, Australia",google_maps
Voodoo Cafe,"Wellington Street Entrance to Raine Square at, 10/300 Murray Street Mall, Perth WA 6000, Australia",,info@voodoocafe.com.au,0478 845 908,https://www.voodoocafe.com.au/,cafes,"Perth, Australia",google_maps
Tiisch,"9b/938 Hay St, Perth WA 6000, Australia",,info@tiisch.com.au,(08) 9678 5150,https://www.tiisch.com.au/book-now/?utm_source=gmb&utm_medium=gmb&utm_campaign=gmb,cafes,"Perth, Australia",google_maps
Chinta,"29 Scarborough Beach Rd, North Perth WA 6006, Australia",,chinta@chintadesigns.com.au,(08) 9444 7939,http://chintacafe.com/,cafes,"Perth, Australia",google_maps
Beantown Cafe,"1A Farranlea Park, Model Farm Rd, Cork, T12 NX7P, Ireland",,beantowncafecork@gmail.com,(021) 239 9400,https://www.beantowncafecork.com/,cafes,"Cork, Ireland",google_maps
Izz Cafe,"13-14 George's Quay, Ballintemple, Cork, T12 EY24, Ireland",,info@izz.ie,(021) 229 0689,http://www.izz.ie/,cafes,"Cork, Ireland",google_maps
Alchemy Coffee and Bookstore,"123 Barrack St, The Lough, Cork, T12 A594, Ireland",,online@alchemycoffeecork.com,,https://alchemycoffeecork.com/,cafes,"Cork, Ireland",google_maps
Neo Cafe & Eatery,"132 Willis Street, Te Aro, Wellington 6011, New Zealand",Chef Luke Crawford,info@neocafe.co.nz,04 385 9553,http://www.neocafe.co.nz/,cafes,"Wellington, New Zealand",google_maps
Flight Coffee Hangar Cafe,"119 Dixon Street, Te Aro, Wellington 6011, New Zealand",,gm@hangarcafe.co.nz,027 535 0884,https://www.hangarcafe.co.nz/,cafes,"Wellington, New Zealand",google_maps
Karaka Cafe,"Odlins Square, Taranaki Wharf 2 Taranaki Street, Waterfront, Wellington 6011, New Zealand",,bookings@karakacafe.co.nz,027 916 8369,https://www.karakacafe.co.nz/,cafes,"Wellington, New Zealand",google_maps
Prefab-ACME,"14 Jessie Street, Te Aro, Wellington 6011, New Zealand",,prefabhall@acmeandco.co.nz,04 385 2263,http://www.acmeandco.co.nz/,cafes,"Wellington, New Zealand",google_maps
Fidel's Cafe,"32a Wigan Street, Te Aro, Wellington 6011, New Zealand",,info.fidelscafe@gmail.com,04 384 7039,http://www.fidelscafe.com/,cafes,"Wellington, New Zealand",google_maps
Customs,"39 Ghuznee Street, Te Aro, Wellington 6011, New Zealand",,shopnz@coffeesupreme.com,,http://www.coffeesupreme.com/,cafes,"Wellington, New Zealand",google_maps
Gemini Cafe & Eatery,"20 Brandon Street, Wellington Central, Wellington 6011, New Zealand",,geminicafewellington@gmail.com,04 210 1213,http://www.geminicafe.co.nz/,cafes,"Wellington, New Zealand",google_maps
Kaffee Eis Cuba Street,"146 Cuba Street, Te Aro, Wellington 6011, New Zealand",,info@kaffeeeis.co.nz,04 803 3620,http://kaffeeeis.co.nz/,cafes,"Wellington, New Zealand",google_maps
Triveni Terrace Cafe,"205, Tansen Marg, Opp. FICCI Auditorium, Todermal Road Area, Mandi House, New Delhi, Delhi 110001, India",,hello@redcedarhospitality.com,099715 66904,https://redcedarhospitality.com/,cafes,"Delhi, India",google_maps
Cafe Dori,"Dhan Mill Compound 100 Feet Road, SSN Marg, Pocket D, Dr Ambedkar Colony, Chhatarpur, New Delhi, Delhi 110074, India",,customercare@nappadori.com,080760 54238,https://www.nappadori.com/cafe-dori/,cafes,"Delhi, India",google_maps
AMA Cafe | Majnu Ka Tilla,"House no. 6, 1st Floor, New Aruna Colony, Majnu-ka-tilla, New Aruna Nagar, New Delhi, Delhi, 110054, India",,info@amacafe.co,084489 94259,http://www.amacafe.co/,cafes,"Delhi, India",google_maps
Cine Tree Cafe,"Rafi Marg, behind RBI Bank Inside Constitution Club of India, Sansad Marg Area, New Delhi, Delhi 110001, India",,ccoi1947@gmail.com,,https://cinetreecafe.com/,cafes,"Delhi, India",google_maps
Hamoni: Cafe by the Greens,"near NCU College, Carterpuri Village, Sector 23A, Gurugram, Haryana 122017, India",,cafe@hamonigolf.com,072900 38887,http://www.hamonigolf.com/,cafes,"Delhi, India",google_maps
"Cafe Vagabond - Coffee Bar | Bakery | Indian | Continental, Paharganj","@ Hotel, Ajanta Complex, 8647, Arakashan Rd, Ram Nagar, Paharganj, New Delhi, Delhi 110055, India",,info@hotelajanta.com,099588 50203,https://www.hotelajanta.com/dining.php,cafes,"Delhi, India",google_maps
The Hole In The Wall Cafe,"3, 8th Main Rd, 4th Block, Koramangala, Bengaluru, Karnataka 560047, India",,the.hole.in.the.wall.cafe@gmail.com,099456 92562,http://www.theholeinthewallcafe.org/,cafes,"Bangalore, India",google_maps
Roastea - Curated Coffee And Tea Artisans,"612/3, 80 Feet Rd, next to Akshaya Motors Mercedes Benz Showroom, 4th Block, Koramangala, Bengaluru, Karnataka 560034, India",,feedback@roastea.in,099040 02700,https://www.roastea.in/,cafes,"Bangalore, India",google_maps
Paper & Pie,"Metro Pillar Number 55, 842/A, 100 Feet Rd, Indira Nagar 1st Stage, H Colony, Indiranagar, Bengaluru, Karnataka 560038, India",,contactus@paperandpie.in,090357 00876,https://www.paperandpie.in/contact/,cafes,"Bangalore, India",google_maps
The Rameshwaram Cafe - Indiranagar,"847/1(Old No. 847/A), Binnamangala 1st Stage, 100 Feet Rd, Indira Nagar 1st Stage, H Colony, Indiranagar, Bengaluru, Karnataka 560038, India",,info@therameshwaramcafe.org,090711 79191,https://therameshwaramcafe.org/about,cafes,"Bangalore, India",google_maps
Over Coffee,"41, Ground Floor, Chowriappa Complex, B"" wing, Lavelle Road, Shanthala Nagar, Ashok Nagar, Bengaluru, Karnataka 560001, India",,overcoffeeindia@gmail.com,096117 56470,https://www.overcoffee.in/,cafes,"Bangalore, India",google_maps
Roastery Coffee House,"8 2, 287/12, 418, Road No. 14, BNR Colony, Venkat Nagar, Banjara Hills, Hyderabad, Telangana 500034, India",,support@roasterycoffee.co.in,063095 90610,https://www.roasterycoffee.co.in/,cafes,"Hyderabad, India",google_maps
Theory Patisserie & Cafe,"Plot No. 178, Rd Number 13, Jubilee Hills, Hyderabad, Telangana 500033, India",,theorycdb@gmail.com,083676 96769,http://www.theorycafe.in/,cafes,"Hyderabad, India",google_maps
Lé Vantage Café Bar,"195/A, Rd Number 13, Jubilee Hills, Hyderabad, Telangana 500033, India",,levantagecafe@gmail.com,091211 91782,http://www.levantagecafebar.com/,cafes,"Hyderabad, India",google_maps
Writer's Café,"98, Peter's Rd, Gopalapuram, Chennai, Tamil Nadu 600086, India",,info@advantagefoods.in,089258 44029,https://www.advantagefoods.in/,cafes,"Chennai, India",google_maps
Wild Gardencafe,"Amethyst, near, Whites Rd, next to Union Bank, Express Estate, Royapettah, Chennai, Tamil Nadu 600014, India",,wildgarden@amethystchennai.com,044 4599 1633,http://www.amethystchennai.com/wildgarden.html,cafes,"Chennai, India",google_maps
"KUP Coffee Roasters, Nungambakkam","KUP., 7/2, Pycrofts Garden Rd, Thousand Lights West, Thousand Lights, Chennai, Tamil Nadu 600006, India",,sip@kup.world,091767 27000,https://www.kup.world/,cafes,"Chennai, India",google_maps
Salvation Cafe,"44 Stanley Ave, Milpark, Johannesburg, 2092, South Africa",,eat@salvationcafe.co.za,011 482 7795,http://www.salvationcafe.co.za/,cafes,"Johannesburg, South Africa",google_maps
Bean There Coffee Company - Milpark JHB,"44 Stanley Ave, Milpark, Johannesburg, 2092, South Africa",,info@beanthere.co.za,087 310 3100,http://www.beanthere.co.za/,cafes,"Johannesburg, South Africa",google_maps
tashas Melrose Arch,"Melrose Blvd, Melrose North, Johannesburg, 2196, South Africa",,melrose@tashascafe.com,011 568 5488,https://www.tashascafe.com/locations/johannesburg/melrose/,cafes,"Johannesburg, South Africa",google_maps
Father Coffee Rosebank,"The Zone, 177 Oxford Rd, Rosebank, Johannesburg, 2196, South Africa",,twila@fathercoffee.co.za,079 506 6322,http://www.father.coffee/,cafes,"Johannesburg, South Africa",google_maps
Mikes Heritage House,"15 St Andrews Rd, Parktown, Johannesburg, 2193, South Africa",,bookings@mikesheritagehouse.co.za,011 484 2688,http://www.mikesheritagehouse.co.za/,cafes,"Johannesburg, South Africa",google_maps
Gatvol coffee,"30 Braemar Ave, La Lucia, Durban North, 4051, South Africa",,natalie@gatvolcoffee.co.za,079 497 5819,http://www.gatvolcoffee.co.za/,cafes,"Durban, South Africa",google_maps
Bellevue Cafe,"5 Bellevue Rd, Kloof, Durban, 3610, South Africa",,cafe@bellevuenet.co.za,031 717 2780,http://www.bellevuecafe.co.za/,cafes,"Durban, South Africa",google_maps
The KZNSA Arts Cafe,"166 Bulwer Rd, Glenwood, Durban, 4001, South Africa",,gallery@kznsagallery.co.za,031 277 1702,http://www.kznsagallery.co.za/,cafes,"Durban, South Africa",google_maps
Art House Cafe,Al Huwelat street - Villa No 15 - 4 Al Falah St - opp. Al Bateen - Bateen Area - W17 03 - Abu Dhabi - United Arab Emirates,,info@azhadniaz.com,02 666 0175,http://www.azhadniaz.com/,cafes,"Abu Dhabi, UAE",google_maps
Third Place - A Community Cafe,"Corniche road, Villa T3 - Al Bateen - W12 - Abu Dhabi - United Arab Emirates",,info@thethirdplaceuae.com,02 681 1877,http://www.thethirdplaceuae.com/,cafes,"Abu Dhabi, UAE",google_maps
Café 302,302 Saeed Bin Ahmed Al Otaiba St - Al Danah - E3-02 - Abu Dhabi - United Arab Emirates,,almaha.arjaan@rotana.com,02 610 6666,https://www.rotana.com/almahaarjaanbyrotana/dining/cafethreezerotwo,cafes,"Abu Dhabi, UAE",google_maps
Coffee Architecture,Mamsha Alsadyiat - Jacques Chirac St - Al Sa'DiyatCulturalCultural District - SDN1 - Abu Dhabi - United Arab Emirates,,contact@thecoffeearchitecture.com,055 446 3433,http://www.thecoffeearchitecture.com/,cafes,"Abu Dhabi, UAE",google_maps
Saddle House - Marsa Al Bateen,Marsa - Al Bateen - W35 - Abu Dhabi - United Arab Emirates,,marketing@saddledubai.com,050 394 4802,http://www.saddledubai.com/,cafes,"Abu Dhabi, UAE",google_maps
Tar Tar,"5 Sorotona Cl, Wuse 2, Abuja 904101, Federal Capital Territory, Nigeria",,bookings@tartarabuja.com,0810 830 6948,http://www.tartarabuja.com/,cafes,"Abuja, Nigeria",google_maps
Akara Cafe Wuse,"Zone 5, Accra St, opp. Istrom Real Estate, Wuse, Abuja 904101, Federal Capital Territory, Nigeria",,akaracafeoffice@gmail.com,0903 437 3438,http://akaracafe.wixsite.com/home,cafes,"Abuja, Nigeria",google_maps
MANILA CAFE BISTRO,"Anie's Place, 1015 Padre Noval St, Sampaloc, Manila, 1008 Metro Manila, Philippines",,ask@manilacafe.ph,0917 678 3344,http://www.manilacafe.ph/,cafes,"Manila, Philippines",google_maps
Commune Café + Bar + Roastery,"36 Polaris, Poblacion, Makati City, 1210 Metro Manila, Philippines",,havecoffee@commune.ph,0919 859 5848,http://www.commune.ph/,cafes,"Manila, Philippines",google_maps
Papakape Fort Santiago,"Fort Santiago, Intramuros, Manila, 1002 Metro Manila, Philippines",,filler@godaddy.com,,https://papakape.com/,cafes,"Manila, Philippines",google_maps
El Mundo Cafe,"5091 P Burgos St, Makati City, Metro Manila, Philippines",,hello@elmundocafe.ph,0998 962 3405,http://www.elmundocafe.ph/,cafes,"Manila, Philippines",google_maps
dropthebean,"Erechem Building, 117 V.A. Rufino Street, corner Salcedo, Legaspi Village, Makati City, 1229 Metro Manila, Philippines",,irene@dropthebean.com,(02) 8556 6140,http://www.dropthebean.com/,cafes,"Manila, Philippines",google_maps
Prix d'Ami.,"Haringpakkerssteeg 3, 1012 LR Amsterdam, Netherlands",The Bong,info@prixdami.nl,,https://www.prixdami.nl/?utm_source=GMB&utm_medium=organic&utm_campaign=website,coffee shops,"Amsterdam, Netherlands",google_maps
De Koffieschenkerij,"Oudekerksplein 27, 1012 GX Amsterdam, Netherlands",,info@koffieschenkerij.com,,http://www.koffieschenkerij.com/,coffee shops,"Amsterdam, Netherlands",google_maps
Bloom Coffee Co.,"2025 Peachtree Rd NW, Atlanta, GA 30309, USA",,bloomcoffeecoatl@gmail.com,(404) 343-6631,http://bloomcoffeecoatl.com/,coffee shops,"Atlanta, USA",google_maps
Con Leche Coffee,"181 Flat Shoals Ave SE Unit 1, Atlanta, GA 30316, USA",,hola@conlechecoffee.com,(678) 904-9299,https://www.conleche.com/,coffee shops,"Atlanta, USA",google_maps
Peoples Town Coffee Bar,"55 Milton Ave SE Suite A, Atlanta, GA 30315, USA",,hey@peoplestowncoffee.com,(678) 310-5663,http://www.peoplestowncoffee.com/,coffee shops,"Atlanta, USA",google_maps
Allpress Roastery Auckland,"8 Drake Street, Freemans Bay, Auckland 1010, New Zealand",,coffee@allpress.co.nz,09 307 5555,https://nz.allpressespresso.com/find/auckland-roastery?utm_source=google&utm_medium=organic&utm_campaign=mybusiness,coffee shops,"Auckland, New Zealand",google_maps
Kaffee Momente Berlin - Café Berlin,"Bötzowstraße 21, 10407 Berlin, Germany",,kaffeemomente@gmail.com,01573 2192174,https://kaffee-momente.eatbu.com/?lang=de,coffee shops,"Berlin, Germany",google_maps
nur coffee Berlin,"Friedrichstraße 183, 10117 Berlin, Germany",,berlin@nurcoffee.de,01522 5364827,https://nurcoffee.de/,coffee shops,"Berlin, Germany",google_maps
Distrikt coffee,"Bergstraße 68, 10115 Berlin, Germany",,info@distriktcoffee.de,,http://distriktcoffee.de/,coffee shops,"Berlin, Germany",google_maps
Oslo Kaffebar,"Eichendorffstraße 13, 10115 Berlin, Germany",,oslokaffebar@gmail.com,,http://www.oslokaffebar.co/,coffee shops,"Berlin, Germany",google_maps
Silo Coffee,"Gabriel-Max-Straße 4, 10245 Berlin, Germany",,hello@silo-coffee.com,030 62608833,https://www.silo-coffee.com/,coffee shops,"Berlin, Germany",google_maps
Origin Coffee Roasting,"28 Hudson St, De Waterkant, Cape Town, 8001, South Africa",,info@originroasting.co.za,021 421 1000,http://originroasting.co.za/,coffee shops,"Cape Town, South Africa",google_maps
The Ladder,"136 Bree St, Cape Town City Centre, Cape Town, 8001, South Africa",,theladderon136@gmail.com,082 451 1572,http://www.theladderon136.com/,coffee shops,"Cape Town, South Africa",google_maps
Ground Art Caffe,"160 Strand St, De Waterkant, Cape Town, 8001, South Africa",,info@groundartcaffe.co.za,021 418 1331,http://www.groundartcaffe.co.za/,coffee shops,"Cape Town, South Africa",google_maps
Boston Coffee Roasters,"Cleveland St, Boston, Cape Town, 7530, South Africa",,info@bostoncoffee.co.za,066 374 2420,http://www.bostoncoffee.co.za/,coffee shops,"Cape Town, South Africa",google_maps
Kamili Coffee on Long,"29 Shortmarket St &, Long St, Cape Town City Centre, Cape Town, 8000, South Africa",,info@kamilicoffee.co.za,083 226 4426,https://kamilicoffee.co.za/?utm_source=GMB&utm_medium=Long-Street-Listing,coffee shops,"Cape Town, South Africa",google_maps
The KAYA Cafe,"35 Loop St, Cape Town City Centre, Cape Town, 8001, South Africa",,hello.kayacafe@gmail.com,,https://thekayacafe.co.za/,coffee shops,"Cape Town, South Africa",google_maps
Sonder Café,"79 Lower Main Rd, Observatory, Cape Town, 7925, South Africa",,sonderobz@gmail.com,083 394 6672,http://sonderobz.com/,coffee shops,"Cape Town, South Africa",google_maps
The Blue Cafe,"13 Brownlow Rd, Tamboerskloof, Cape Town, 8001, South Africa",,laughing@thebluecafe.co.za,021 426 0250,http://www.thebluecafe.co.za/,coffee shops,"Cape Town, South Africa",google_maps
The Wormhole Coffee,"1462 N Milwaukee Ave, Chicago, IL 60622, USA",,placejoys.com@gmail.com,(773) 661-2468,https://thewormholecoffee.shop/,coffee shops,"Chicago, USA",google_maps
Intelligentsia,"53 E Randolph St, Chicago, IL 60601, USA",,press@intelligentsiacoffee.com,(312) 920-9332,https://www.intelligentsia.com/pages/millennium-park-coffeebar,coffee shops,"Chicago, USA",google_maps
The Understudy Coffee and Books,"5531 N Clark St, Chicago, IL 60640, USA",,hello@theunderstudy.com,(872) 806-0670,https://theunderstudy.com/,coffee shops,"Chicago, USA",google_maps
Roasters Specialty Coffee House Creek Harbour,Al Kheeran First - Dubai Creek Harbour - Dubai - United Arab Emirates,Elena Savina Marketing,beans@roasterscoffee.ae,058 585 7686,http://www.roasterscoffee.ae/,coffee shops,"Dubai, UAE",google_maps
The Patisserie at Address Sky View,sk - Burj Khalifa - Dubai - United Arab Emirates,,dineatskyview@addresshotels.com,04 873 8888,https://www.addresshotels.com/en/restaurant/patisserie-at-address-sky-view/,coffee shops,"Dubai, UAE",google_maps
Caju Coffee House,"Caju Cafe, Al Manzil - GF-801 - Burj Khalifa - Yansoon - Dubai - United Arab Emirates",,info@caju.ae,04 575 2710,https://caju.ae/,coffee shops,"Dubai, UAE",google_maps
Two Pups,"74 Francis St, The Liberties, Dublin 8, D08 KA43, Ireland",,twopupscoffee@gmail.com,,http://www.twopupscoffee.com/,coffee shops,"Dublin, Ireland",google_maps
Shoe Lane Coffee,"7 Tara St, Dublin 2, D02 Y662, Ireland",,jobs@shoelane.com,,http://www.shoelanecoffee.ie/,coffee shops,"Dublin, Ireland",google_maps
Legit Coffee Co,"Meath Mart, 1 Meath St, The Liberties, Dublin, D08 XHT7, Ireland",,info@legitcoffeeco.com,,http://legitcoffeeco.com/,coffee shops,"Dublin, Ireland",google_maps
Copper + Straw Speciality Coffee,"14 - 18 Aston Quay, Temple Bar, Dublin 2, D02 FV38, Ireland",,hello@copperandstraw.ie,087 810 2634,http://copperandstraw.ie/,coffee shops,"Dublin, Ireland",google_maps
Keoghs Cafe,"1 & 2 Trinity St, Dublin, D02 A440, Ireland",,orders@keoghscafe.ie,(01) 677 8080,http://keoghscafe.ie/,coffee shops,"Dublin, Ireland",google_maps
The Coffee House at West End,"802 Shepherd Dr, Houston, TX 77007, USA",,hello@thecoffeehousehtx.com,,http://thecoffeehousehtx.com/,coffee shops,"Houston, USA",google_maps
The Coffee Garden,"1920 Houston Ave, Houston, TX 77007, USA",,info@thecoffeegarden.com,(713) 955-4420,https://thecoffeegarden.com/heights-coffee-shop/,coffee shops,"Houston, USA",google_maps
Pavon Coffee Den,"1216 W Clay St Ste 300, Houston, TX 77019, USA",,hello@pavonhtx.com,(713) 261-6679,https://www.pavonhtx.com/,coffee shops,"Houston, USA",google_maps
Agora,"1712 Westheimer Rd, Houston, TX 77098, USA",,info@agorahouston.com,,https://www.agorahouston.com/,coffee shops,"Houston, USA",google_maps
Bean Brothers at The Linc KL,"G-1, THE LINC No, 360, Jln Tun Razak, Taman U Thant, 50400 Kuala Lumpur, Federal Territory of Kuala Lumpur, Malaysia",Our Bestsellers,support@beanbrothers.my,,http://beanbrothers.my/,coffee shops,"Kuala Lumpur, Malaysia",google_maps
103 Coffee - Chow Kit,"9, Jalan Yap Ah Shak, Chow Kit, 50300 Kuala Lumpur, Wilayah Persekutuan Kuala Lumpur, Malaysia",,media@103coffee.com,012-960 1353,http://www.103coffee.com/,coffee shops,"Kuala Lumpur, Malaysia",google_maps
Miss Coco Cafe,"G1, Menara Noble Land 2, Jalan Changkat, Lorong Ceylon, Bukit Ceylon, 50200 Kuala Lumpur, Wilayah Persekutuan Kuala Lumpur, Malaysia",,admin@misscococafe.com,018-208 3983,https://misscococafe.com/,coffee shops,"Kuala Lumpur, Malaysia",google_maps
Prufrock Coffee,"23-25 Leather Ln, London EC1N 7TE, UK",,info@prufrockcoffee.com,,http://www.prufrockcoffee.com/,coffee shops,"London, UK",google_maps
The Monocle Café,"18 Chiltern St, London W1U 7QA, UK",Natalie Theodosi,hek@monocle.com,020 7135 2040,http://cafe.monocle.com/,coffee shops,"London, UK",google_maps
Verve Coffee Roasters,"500 Mateo St #102, Los Angeles, CA 90013, USA",,support@vervecoffee.com,(213) 419-5077,http://www.vervecoffee.com/,coffee shops,"Los Angeles, USA",google_maps
Jurassic Magic Coffee,"1865 S Mansfield Ave, Los Angeles, CA 90019, USA",,rawr@jurassicmagic.xyz,(424) 835-0598,https://www.jurassicmagic.xyz/,coffee shops,"Los Angeles, USA",google_maps
Dalian's Café,"530 S Grand Ave, Los Angeles, CA 90071, USA",,info@dalianscafe.com,(213) 559-0009,http://dalianscafe.com/,coffee shops,"Los Angeles, USA",google_maps
Coffee For Sasquatch,"7020 Melrose Ave, Los Angeles, CA 90038, USA",,hello@coffeeforsasquatch.com,(323) 433-4070,http://www.coffeeforsasquatch.com/,coffee shops,"Los Angeles, USA",google_maps
Coffee Lab Manchester Piccadilly.,"23-24 Mosley St, Manchester M2 3AG, UK",,info@coffeelab.gr,0161 511 4263,https://coffeelab.gr/en/,coffee shops,"Manchester, UK",google_maps
Atrium Coffee,"Ground floor, 1 St Peter's Sq, Manchester M2 3DE, UK",,info@atrium-coffee.co.uk,,http://www.atrium-coffee.co.uk/,coffee shops,"Manchester, UK",google_maps
Little Rogue.,"12 Drewery Ln, Melbourne VIC 3000, Australia",,shop@littlerogue.com.au,,https://www.littlerogue.com.au/,coffee shops,"Melbourne, Australia",google_maps
Higher Ground,"650 Little Bourke St, Melbourne VIC 3000, Australia",,info@highergroundmelbourne.com.au,(03) 8899 6219,https://highergroundmelbourne.com.au/,coffee shops,"Melbourne, Australia",google_maps
MIAM CAFE-WYNWOOD,"2750 NW 3rd Ave Suite 21, Miami, FL 33127, USA",,miam@miamcafe.com,(786) 703-1451,http://www.miamcafe.com/,coffee shops,"Miami, USA",google_maps
Naughty Coffee,"101 NE 2nd Ave, Miami, FL 33132, USA",,naughtycoffeeshop@gmail.com,(347) 283-5609,https://naughtycoffeeshop.com/,coffee shops,"Miami, USA",google_maps
Surry Hills Coffee | Brunch Miami,"8226 NE 2nd Ave, Miami, FL 33138, USA",,business.eu@surryhillscoffee.com,(305) 456-6787,http://www.surryhillscoffee.com/?utm_source=local&utm_medium=utm,coffee shops,"Miami, USA",google_maps
La Colada Gourmet,"1518 SW 8th St, Miami, FL 33135, USA",,lacoladagourmet@gmail.com,(305) 582-5762,https://www.lacoladagourmet.com/,coffee shops,"Miami, USA",google_maps
ITSI Coffee - i think she is,"169 SW 7th St, Miami, FL 33130, USA",,itsi.coffee@gmail.com,(786) 800-5659,http://ithinksheis.com/,coffee shops,"Miami, USA",google_maps
Café Bastille Downtown Miami,"248 SE 1st St, Miami, FL 33131, USA",,contact@cafebastilledowntown.com,(786) 425-3575,http://www.cafebastilledowntown.com/,coffee shops,"Miami, USA",google_maps
White Rose Coffee,"4703 SW 8th St, Miami, FL 33134, USA",,whiterosecoffeemiami@gmail.com,,http://whiterose.coffee/,coffee shops,"Miami, USA",google_maps
Earth Cafe @ Churchgate,"Ground Floor, Ram Mahal, Dinshaw Vacha Rd, near KC College, Churchgate, Mumbai, Maharashtra 400020, India",,info@earthcafeindia.com,090818 81844,http://earthcafeindia.com/,coffee shops,"Mumbai, India",google_maps
Iteeha Coffee,"Ground Floor, Urmi Axis Building, West, behind Famous studio, opp. Doctor Elijah Moses Road, Mahalakshmi, Mumbai, Maharashtra 400018, India",,connect@iteeha.coffee,098198 20211,https://iteeha.coffee/,coffee shops,"Mumbai, India",google_maps
Ettarra Coffee House,"Ground Floor, boutique hotel, Juhu residency, Airport Area, Juhu, Mumbai, Maharashtra 400049, India",The People Behind,care@ettarracoffee.in,086558 05815,https://ettarracoffee.in/,coffee shops,"Mumbai, India",google_maps
Third Wave Coffee,"Plot No 29, Dr N A Purandare Marg Chowpatty Marine Lines, Chowpatty, Girgaon, Mumbai, Maharashtra 400007, India",,orders@thirdwavecoffee.in,080500 03543,https://cafe.thirdwavecoffee.in/coffee-cafe-mumbai-32255/home?utm_source=gmb,coffee shops,"Mumbai, India",google_maps
787 Coffee Co.,"251 W 30th St, New York, NY 10001, USA",,hello@787coffee.com,(646) 454-0133,http://www.787coffee.com/,coffee shops,"New York City, USA",google_maps
Urban Backyard,"180 Mulberry St, New York, NY 10012, USA",,hello@urbanbackyardnyc.com,(646) 692-9957,http://www.urbanbackyardnyc.com/,coffee shops,"New York City, USA",google_maps
Bibble & Sip,"253 W 51st St, New York, NY 10019, USA",,info.bibbleandsip@gmail.com,(646) 649-5116,http://bibbleandsip.com/,coffee shops,"New York City, USA",google_maps
The Caféothèque of Paris,"52 Rue de l'Hôtel de Ville, 75004 Paris, France",,contact@lacafeotheque.com,01 53 01 83 84,http://www.lacafeotheque.com/,coffee shops,"Paris, France",google_maps
Motors Coffee,"7 Rue des Halles, 75001 Paris, France",,info@motorscoffee.com,,https://motorscoffee.com/,coffee shops,"Paris, France",google_maps
A Flourshop,"803 N 7th St Suite 102, Phoenix, AZ 85006, USA",,info@aflourshop.com,(602) 274-2253,http://www.aflourshop.com/,coffee shops,"Phoenix, USA",google_maps
ASK Coffee Roastery Singapore,"32 Seah St, Singapore 188388",,speedy3dcreations@gmail.com,8884 9186,https://www.speedy3dcreations.com/,coffee shops,Singapore,google_maps
Maxi Coffee Bar,"64 Club St, Back Entrance, Singapore 069438",,hello@maxicoffeebar.com,9776 7400,http://maxicoffeebar.com/,coffee shops,Singapore,google_maps
Skittle Lane,"40 King St, Sydney NSW 2000, Australia",,info@skittlelane.com,,http://skittlelane.com/,coffee shops,"Sydney, Australia",google_maps
Gumption by Coffee Alchemy,"Shop 11, The Strand Arcade, 412-414 George St, Sydney NSW 2000, Australia",,support@coffeealchemy.com.au,(02) 9516 1997,https://coffeealchemy.com.au/pages/gumption,coffee shops,"Sydney, Australia",google_maps
Industry Beans York St,"Shop 2/40 York St, Sydney NSW 2000, Australia",,venues@industrybeans.com,(02) 9188 8501,https://industrybeans.com/pages/york-st-cafe,coffee shops,"Sydney, Australia",google_maps
Paramount Coffee Project,"80 Commonwealth St, Surry Hills NSW 2010, Australia",,hello@paramountcoffeeproject.com.au,0481 148 439,http://www.paramountcoffeeproject.com.au/,coffee shops,"Sydney, Australia",google_maps
Cafe Sydney Restaurant,"Level 5 Customs House, 31 Alfred St, Sydney NSW 2000, Australia",,reservations@cafesydney.com,(02) 9251 8683,http://www.cafesydney.com/,coffee shops,"Sydney, Australia",google_maps
Regiment specialty coffee,"333 George St, Sydney NSW 2000, Australia",,regiment2022@hotmail.com,(02) 9299 4001,https://www.regimentcbd.com.au/,coffee shops,"Sydney, Australia",google_maps
FIKA Cafe,"28 Kensington Ave, Toronto, ON M5T 2J9, Canada",,info@fika.ca,,http://www.fika.ca/,coffee shops,"Toronto, Canada",google_maps
HotBlack Coffee,"245 Queen St W, Toronto, ON M5V 1Z4, Canada",,info@hotblack-coffee.com,,https://hotblack-coffee.com/,coffee shops,"Toronto, Canada",google_maps
Daily Dose Coffee Bar,"125 John St, Toronto, ON M5V 2E2, Canada",,info@dailydosecoffeebar.com,,https://www.dailydosecoffeebar.com/,coffee shops,"Toronto, Canada",google_maps
The Coffee Movement,"1737 Balboa St, San Francisco, CA 94121, USA",,aloha@thecoffeemovement.com,,https://www.thecoffeemovement.com/,coffee shops,"San Francisco, USA",google_maps
Scullery,"687 Geary St, San Francisco, CA 94102, USA",,info@scullerysf.com,(415) 440-4497,http://www.scullerysf.com/,coffee shops,"San Francisco, USA",google_maps
Saint Frank Coffee,"2340 Polk St, San Francisco, CA 94109, USA",,info@saintfrankcoffee.com,(415) 881-8062,http://www.saintfrankcoffee.com/,coffee shops,"San Francisco, USA",google_maps
Hedge Coffee,"434 Shotwell St, San Francisco, CA 94110, USA",,coffee@hedge.coffee,(415) 603-9818,http://hedge.coffee/,coffee shops,"San Francisco, USA",google_maps
Third Wheel Coffee,"535 Scott St, San Francisco, CA 94117, USA",,info@thirdwheel.coffee,,http://www.thirdwheel.coffee/,coffee shops,"San Francisco, USA",google_maps
Caffe Trieste,"601 Vallejo St, San Francisco, CA 94133, USA",,caffetriestenorthbeach@yahoo.com,(415) 392-6739,https://caffetrieste.com/,coffee shops,"San Francisco, USA",google_maps
Home Coffee Roasters,"455 Grant Ave, San Francisco, CA 94108, USA",,hello@homecoffeesf.com,(415) 780-5423,http://homecoffeesf.com/,coffee shops,"San Francisco, USA",google_maps
Madhouse Cafe,"24 Blue Hill Ave, Boston, MA 02119, USA",,madhousecafeboston@gmail.com,(617) 620-1501,https://madhousecafe.com/,coffee shops,"Boston, USA",google_maps
cacao,"64 Broad St, Boston, MA 02109, USA",,cacao@cacaonuts.com,(857) 449-9098,https://cacaonuts.com/,coffee shops,"Boston, USA",google_maps
Seattle Sunshine Coffee,"5508 35th Ave NE, Seattle, WA 98105, USA",,seattlesunshinecoffee@gmail.com,(206) 420-8461,https://www.seattlesunshinecoffee.com/,coffee shops,"Seattle, USA",google_maps
Overcast Coffee,"1517 12th Ave Suite 100, Seattle, WA 98122, USA",,info@overcastcoffee.co,(206) 588-2621,http://www.overcastcoffee.co/,coffee shops,"Seattle, USA",google_maps
200 Degrees Coffee Shop,"12 Lower Temple St, Birmingham B2 4JD, UK",,info@200degs.com,0121 312 4383,http://www.200degs.com/,coffee shops,"Birmingham, UK",google_maps
The Milkman,"7 Cockburn St, Edinburgh EH1 1BP, UK",,hello@themilkman.coffee,,http://www.themilkman.coffee/,coffee shops,"Edinburgh, UK",google_maps
The Coffee Cave,"158 Fountainbridge, Edinburgh EH3 9RX, UK",Coffee Lovers,sales@thecoffeecave.com,,http://thecoffeecave.com/,coffee shops,"Edinburgh, UK",google_maps
The Edinburgh Larder - Blackfriars Street,"15 Blackfriars St, Edinburgh EH1 1NB, UK",,info@edinburghlarder.co.uk,0131 556 6922,http://www.edinburghlarder.co.uk/,coffee shops,"Edinburgh, UK",google_maps
Triple-Tri Coffee,"45A York Pl, Edinburgh EH1 3HP, UK",,tripletricoffee@gmail.com,,http://www.tripletricoffee.com/,coffee shops,"Edinburgh, UK",google_maps
Cairngorm Coffee,"1 Melville Pl, Edinburgh EH3 7PR, UK",The Producers Our,orders@cairngormcoffee.com,,http://www.cairngorm.coffee/,coffee shops,"Edinburgh, UK",google_maps
Bastard Barista,"15 Queen St, Edinburgh EH2 1JE, UK",,info@bastardbarista.com,0131 603 7372,https://www.bastardbarista.com/,coffee shops,"Edinburgh, UK",google_maps
Willow Grove Coffee,"531 Sauchiehall St, Glasgow G3 7PQ, UK",,adele@willowgrovecoffee.co.uk,0141 237 3490,https://www.willowgrovecoffee.com/,coffee shops,"Glasgow, UK",google_maps
iCafe Merchant City,"70-72 Ingram St, Glasgow G1 1EX, UK",,recruitment@icafe.uk.com,,http://www.icafe.uk.com/,coffee shops,"Glasgow, UK",google_maps
Café Redwood,"2604 Rue Saint-Patrick, Montréal, QC H3K 1B8, Canada",,caferedwoodmtl@gmail.com,,http://caferedwood.com/,coffee shops,"Montreal, Canada",google_maps
Bono Coffee Roasters,"733 1 Ave NE, Calgary, AB T2E 0B8, Canada",,bonocoffee001@gmail.com,(403) 200-2166,http://bonocoffee.ca/,coffee shops,"Calgary, Canada",google_maps
Humble Coffee Roasters,"635 8 Ave SW #220, Calgary, AB T2P 3M3, Canada",,humblecoffeeroasters@gmail.com,(403) 850-9396,https://www.humblecoffeeroasters.ca/,coffee shops,"Calgary, Canada",google_maps
Strauss,"189 Elizabeth St, Laneway, Brisbane City QLD 4002, Australia",,contact@strausscafe.com.au,(07) 3236 5232,http://www.strausscafe.com.au/,coffee shops,"Brisbane, Australia",google_maps
Edward Espresso & Kitchen,"25/275 Edward St, Brisbane City QLD 4000, Australia",,orders@edwardespresso.com.au,,https://edwardespresso.com.au/,coffee shops,"Brisbane, Australia",google_maps
VELVET,"4 St Patrick's Quay, Victorian Quarter, Cork, T23 N294, Ireland",,contact@velvetcork.ie,,https://www.velvetcork.ie/,coffee shops,"Cork, Ireland",google_maps
Maranui Cafe,"Lvl1, 7A Lyall Parade, Lyall Bay, Wellington 6022, New Zealand",,maranuimanager@gmail.com,04 387 4539,http://www.maranuicafe.co.nz/,coffee shops,"Wellington, New Zealand",google_maps
CoffeeShop Company,"19-C N.W.A, Club Rd, Punjabi Bagh, New Delhi, Delhi, 110026, India",,feedback@franchiseindia.in,,https://coffeeshopcompany.co.in/,coffee shops,"Delhi, India",google_maps
Cafe By Soul,"B-11/1, Ashoka Cresent Marg, DLF Phase 1, Sector 26A, Gurugram, Haryana 122002, India",,cafebysoul@gmail.com,088268 56001,http://www.cafebysoul.com/,coffee shops,"Delhi, India",google_maps
DiGhent Cafe,"Level 2, Crosspoint Mall, 208, opposite Galleria Market, Sector 28, DLF Phase IV, Gurugram, Haryana 122002, India",,reachout@dighent.com,0124 422 7444,https://www.dighent.com/,coffee shops,"Delhi, India",google_maps
Chika - A Coffee Collective,"GF, 8-2, Azkis Castle, 268/1/16/D-1, Banjara Hills Rd Number 3, Sagar Society, Sri Nagar Colony, Aurora Colony, Banjara Hills, Hyderabad, Telangana 500034, India",,chikacoffeeroasters@gmail.com,081250 81243,https://www.chikacoffee.com/,coffee shops,"Hyderabad, India",google_maps
Cafe Niloufer Premium Lounge - Banjara Hills,"Divine Banjara - AMN, 8-2-685/P2 & P3, Road No. 12, Venkateswara Colony, Banjara Hills, Hyderabad, Telangana 500034, India",,feedback@cafeniloufer.com,076589 33930,https://www.cafeniloufer.com/,coffee shops,"Hyderabad, India",google_maps
Beachville Coffee Roasters,"99, St Marys Rd, Subbaraya Avenue, Vidhya Thirtha Nagar, Alwarpet, Chennai, Tamil Nadu 600018, India",,support@beachvillecoffee.com,096770 53244,http://www.beachvillecoffee.com/,coffee shops,"Chennai, India",google_maps
The Grind Coffee Company,"Cnr Whiteley Road and, The High St, Melrose, Johannesburg, 2196, South Africa",,max@thegrindcoffeecompany.co.za,010 753 3183,https://grindcoffeecompany.co.za/,coffee shops,"Johannesburg, South Africa",google_maps
DE FACTO COFFEE,"39 Somerset St, Mayfair, Johannesburg, 2108, South Africa",,info@defactocoffee.co.za,086 133 3228,http://www.defactocoffee.co.za/,coffee shops,"Johannesburg, South Africa",google_maps
Freshly Ground Coffee,"19 Keyes Ave, Rosebank, Johannesburg, 2196, South Africa",,info@freshlyground.co.za,010 500 1694,http://www.freshlyground.co.za/,coffee shops,"Johannesburg, South Africa",google_maps
Reserved Cafe,"75 4th Ave, Melville, Johannesburg, 2109, South Africa",,reservedcafe@gmail.com,073 789 2632,http://www.reservedcafe.co.za/,coffee shops,"Johannesburg, South Africa",google_maps
The Flower Cup - Coffee Shop,"Corner off, vickers, and, Marjorie St, City Deep, Johannesburg South, 2197, South Africa",,info@grandiflora.co.za,010 017 1108,https://grandiflora.co.za/pages/the-flower-cup,coffee shops,"Johannesburg, South Africa",google_maps
Gatvol coffee,"30 Braemar Ave, La Lucia, Durban North, 4051, South Africa",,info@gatvolcoffee.co.za,079 497 5819,http://www.gatvolcoffee.co.za/,coffee shops,"Durban, South Africa",google_maps
Colombo Coffee & Tea Specialty Roastery,"59 Adelaide Tambo Dr, Durban North, 4051, South Africa",,orders@colombo.co.za,031 563 3664,https://colombo.coffee/,coffee shops,"Durban, South Africa",google_maps
Antique Cafe,"91 Churchill Rd, Windermere, Berea, 4001, South Africa",,manager@antiquecafe.co.za,081 444 1986,http://www.antiquecafe.co.za/,coffee shops,"Durban, South Africa",google_maps
Milestones Coffee Abu Dhabi Mall,F9WM+97 - Al Zahiyah - E16 01 - Abu Dhabi - United Arab Emirates,,info@milestonescoffee.ae,02 583 6444,https://milestonescoffee.ae/,coffee shops,"Abu Dhabi, UAE",google_maps
Bocca Coffee,"Kerkstraat 96H, 1017 GP Amsterdam, Netherlands",,info@bocca.nl,0321 314 667,http://www.bocca.nl/,espresso bars,"Amsterdam, Netherlands",google_maps
Cafe the Barrel,"Jonge Roelensteeg 4 H, 1012 PL Amsterdam, Netherlands",,info@cafethebarrel.nl,06 51762269,http://www.cafethebarrel.nl/,espresso bars,"Amsterdam, Netherlands",google_maps
Hummingbird Coffee Amsterdam,"Spuistraat 217, 1012 RN Amsterdam, Netherlands",,info@hummingbird.amsterdam,06 24331985,https://hummingbird.amsterdam/,espresso bars,"Amsterdam, Netherlands",google_maps
Back to Black,"Weteringstraat 48, 1017 RN Amsterdam, Netherlands",,info@backtoblackcoffee.nl,,http://www.backtoblackcoffee.nl/,espresso bars,"Amsterdam, Netherlands",google_maps
Cafecito,"Van Baerlestraat 83, 1071 AS Amsterdam, Netherlands",,coffee@cafecito.nl,,https://cafecito.nl/,espresso bars,"Amsterdam, Netherlands",google_maps
Elevate Coffee Lab,"Van der Helstplein 10H, 1072 PH Amsterdam, Netherlands",,elevatecoffeelab@gmail.com,,http://elevatecoffeelab.com/,espresso bars,"Amsterdam, Netherlands",google_maps
Espressobar Puccini,"Staalstraat 21, 1011 JK Amsterdam, Netherlands",,info@espressobarpuccini.nl,020 620 8458,http://www.puccini.nl/,espresso bars,"Amsterdam, Netherlands",google_maps
Cafe Bartique,"2315 Cascade Rd, Atlanta, GA 30311, USA",,admin@cafebartique.com,(404) 343-1780,http://www.cafebartique.com/,espresso bars,"Atlanta, USA",google_maps
El Viñedo Local,"730 Peachtree St NE Suite 100, Atlanta, GA 30308, USA",,welcome@elvinedolocal.com,(404) 596-8239,https://www.elvinedolocal.com/,espresso bars,"Atlanta, USA",google_maps
ARTiSA | Barcelona,"Carrer de Colom, Pl. Reial, 2, Ciutat Vella, 08002 Barcelona, Spain",,info@artisa.es,658 87 98 17,http://www.artisa.es/,espresso bars,"Barcelona, Spain",google_maps
"die espressonisten | Store, Craft Coffeeshop & La Marzocco Showroom","Zimmerstraße 90, 10117 Berlin, Germany",,post@espressonisten.de,030 36409494,https://espressonisten.de/,espresso bars,"Berlin, Germany",google_maps
Espresso Bar + Deli,"Keithstraße 5, 10787 Berlin, Germany",,info@espresso-bar.berlin,030 34399295,http://espressobar.online/,espresso bars,"Berlin, Germany",google_maps
"Wine & Coffee House (Café, Bar & Spirituosengeschäft)","Karl-Liebknecht-Str. 7, 10178 Berlin, Germany",,info@cafehaus-berlin.de,030 2423775,http://www.wine-and-coffeehouse.de/,espresso bars,"Berlin, Germany",google_maps
JARRYDS.,"90 Regent Rd, Sea Point, Cape Town, 8005, South Africa",,jarrydseatery@nonamehg.com,021 023 3642,https://www.nonamehg.com/jarryds,espresso bars,"Cape Town, South Africa",google_maps
Courage Mobile Bar,"Cnr bradwell &, Buitenkant St, Vredehoek, Cape Town, 8001, South Africa",,info@takecourage.co.za,072 671 6744,http://www.takecourage.co.za/,espresso bars,"Cape Town, South Africa",google_maps
Cafe Mustache,"2313 N Milwaukee Ave, Chicago, IL 60647, USA",,info@cafemustache.com,(773) 687-9063,http://www.cafemustache.com/,espresso bars,"Chicago, USA",google_maps
Overflow Coffee,"1449 S Michigan Ave, Chicago, IL 60605, USA",,liv.oad@entrenuity.com,(312) 283-0066,https://www.overflowchicago.com/,espresso bars,"Chicago, USA",google_maps
The Lost Hours,"5256 N Broadway, Chicago, IL 60640, USA",,thelosthourscoffeeshop@gmail.com,,http://the-lost-hours.com/,espresso bars,"Chicago, USA",google_maps
MINT - Dubai Mall,Unit SF053 - Dubai Mall - Second floor - opposite to Dior Kids - برج خليفة - وسط مدينة دبي - دبي - United Arab Emirates,,info@mintconcept.ae,04 338 0839,https://www.mintconcept.ae/mints/mint-dubai/contact/?utm_source=google&utm_medium=local&utm_campaign=gbp,espresso bars,"Dubai, UAE",google_maps
Specialty Batch Coffee Roastery,Shed 3A - Marina Cubes Street - Madinat Dubai Al Melaheyah - Port Rashid - Dubai - United Arab Emirates,,info@specialtybatch.com,04 299 1113,https://specialtybatch.com/,espresso bars,"Dubai, UAE",google_maps
Vice Coffee Inc,"54 Middle Abbey St, North City, Dublin 1, D01 E2X4, Ireland",,hello@vicecoffeeinc.com,,https://www.vicecoffeeinc.com/,espresso bars,"Dublin, Ireland",google_maps
Lemon Jelly Cafe,"Millennium Walkway, North City, Dublin 1, D01 Y027, Ireland",,info@lemonjelly.ie,(01) 233 8441,https://www.lemonjelly.ie/,espresso bars,"Dublin, Ireland",google_maps
Academy Coffee Dublin,"10-14, Findlater Pl, O'Connell Street Upper, Rotunda, Dublin 1, D01 X2X0, Ireland",,stay@academyplazahotel.ie,(01) 817 4100,https://www.academyplazahotel.ie/en/academy-coffee/,espresso bars,"Dublin, Ireland",google_maps
Maven,"1717 Allen Pkwy Fl 1, Houston, TX 77019, USA",,support@getbento.com,(832) 926-3213,http://www.mavenhouston.com/,espresso bars,"Houston, USA",google_maps
Segundo Coffee Lab,"711 Milby St #35, Houston, TX 77023, USA",,customerservice@segundocoffee.com,(346) 240-3032,http://segundocoffee.com/,espresso bars,"Houston, USA",google_maps
Brass Tacks,"612 Live Oak St, Houston, TX 77003, USA",,getdown@brasstackshouston.com,(713) 352-7626,http://www.brasstackshouston.com/,espresso bars,"Houston, USA",google_maps
Grind,"2 London Brg, London SE1 9RA, UK",Not Sure Subject,hello@grind.co.uk,020 3019 7178,http://www.grind.co.uk/londongrind,espresso bars,"London, UK",google_maps
Chapter 72,"72 Bermondsey St, London SE1 3UD, UK",,info@chapter-72.com,,http://www.chapter-72.com/,espresso bars,"London, UK",google_maps
Tierra Mia Coffee,"1202 N Alvarado St, Los Angeles, CA 90026, USA",,info@tmcoffee.com,(213) 483-3955,http://www.tierramiacoffee.com/,espresso bars,"Los Angeles, USA",google_maps
Tiago Coffee Bar + Kitchen,"7080 Hollywood Blvd, Los Angeles, CA 90028, USA",,info@tiagocoffee.com,(323) 466-5600,http://www.tiagocoffee.com/,espresso bars,"Los Angeles, USA",google_maps
Java Bar Espresso,"Java Bar Espresso, 1-3 Oxford Rd, Station Approach, Manchester M1 6FU, UK",,info@jbecoffee.com,,https://jbecoffee.com/,espresso bars,"Manchester, UK",google_maps
Patricia Coffee Brewers,"Rear of, 493-495 Little Bourke St, Melbourne VIC 3000, Australia",,shop@patriciacoffee.com.au,,http://www.patriciacoffee.com.au/,espresso bars,"Melbourne, Australia",google_maps
Sbriga Espresso Bar,"1/270 King St, Melbourne VIC 3000, Australia",,info@sbriga.com.au,(03) 9191 0404,https://www.sbriga.com.au/,espresso bars,"Melbourne, Australia",google_maps
Philoçoffee Espresso Bar,"162 Albert Rd, South Melbourne VIC 3205, Australia",,philo.coffee@yahoo.com.au,0492 300 811,http://www.philocoffee.com.au/,espresso bars,"Melbourne, Australia",google_maps
Mad Records Cafe Miami,"7700 Biscayne Blvd, Miami, FL 33138, USA",,mradiomedellin@gmail.com,,http://madradio.co/,espresso bars,"Miami, USA",google_maps
EMISSARY CAFE,"3308 Mary St, Miami, FL 33133, USA",,info@emissary.miami,,http://emissarycafe.com/,espresso bars,"Miami, USA",google_maps
News Cafe,"800 Ocean Dr, Miami Beach, FL 33139, USA",,hello@newscafesouthbeach.com,(786) 644-6061,https://newscafesouthbeach.com/,espresso bars,"Miami, USA",google_maps
Sip + Co.,"41 W 58th St, New York, NY 10019, USA",,info@sipandco.co,(516) 960-2283,http://sipandco.co/,espresso bars,"New York City, USA",google_maps
Cartel Roasting Co.,"1 N 1st St, Phoenix, AZ 85004, USA",Paul Oberg Our,hello@cartelroasting.co,,https://cartelroasting.co/,espresso bars,"Phoenix, USA",google_maps
Sip Coffee & Beer,"3620 E Indian School Rd, Phoenix, AZ 85018, USA",,info@sipcoffeeandbeer.com,(602) 900-5188,https://sipcoffeeandbeer.com/,espresso bars,"Phoenix, USA",google_maps
percolate. (Nankin Row),"3 Pickering St, #01-23 Nankin Row, Singapore 048660",,hello@percolate.sg,8259 0316,http://percolate.sg/,espresso bars,Singapore,google_maps
Black & White Espresso Bar | The Strand Arcade,"G18/412-414 George St, Sydney NSW 2000, Australia",,admin@blackandwhiteespresso.com,,https://www.blackandwhiteespresso.com/,espresso bars,"Sydney, Australia",google_maps
The Associate Espresso Bar,"Shop 1/33 Pitt St, Sydney NSW 2000, Australia",,info@amahospitality.com.au,,http://amahospitality.com.au/,espresso bars,"Sydney, Australia",google_maps
Fuglen Tokyo,"1-chōme-16-11 Tomigaya, Shibuya, Tokyo 151-0063, Japan",,coffeeonline.jp@fuglen.no,,https://fuglencoffee.jp/,espresso bars,"Tokyo, Japan",google_maps
All Seasons Coffee,"Japan, 〒160-0022 Tokyo, Shinjuku City, Shinjuku, 2-chōme−7−７ 1F",,info@allseasonscoffee.jp,03-5341-4273,http://allseasonscoffee.jp/,espresso bars,"Tokyo, Japan",google_maps
L'Espresso Bar Mercurio,"321 Bloor St W, Toronto, ON M5S 1S5, Canada",,teresa@barmercurio.com,(416) 585-2233,https://www.lespressobarmercurio.ca/,espresso bars,"Toronto, Canada",google_maps
Coco Espresso Bar,"29 Bellair St, Toronto, ON M5R 1B8, Canada",,info@cocoespressobar.com,(416) 934-9292,https://www.cocoespressobar.com/,espresso bars,"Toronto, Canada",google_maps
11:59 Bar:Café,"70 Temperance St Unit 1, Toronto, ON M5H 0B2, Canada",,info@1159barcafe.com,(416) 730-8019,http://www.1159barcafe.com/,espresso bars,"Toronto, Canada",google_maps
Aroma Espresso Bar,"137 Bremner Blvd, Toronto, ON M5J 3A7, Canada",,help@aromacafe.ca,(416) 594-0777,http://www.aromaespressobar.ca/,espresso bars,"Toronto, Canada",google_maps
Twilight Cafe & Bar DT (Dundas),"252 Victoria St, Toronto, ON M5B 1V8, Canada",,twilightcafe.midtown@gmail.com,(416) 815-2233,http://twilightcafe.ca/,espresso bars,"Toronto, Canada",google_maps
The Only Cafe,"966 Danforth Ave, Toronto, ON M4J 1M1, Canada",,theonlycafecoffee@gmail.com,(416) 463-3249,https://www.theonlycafe.com/,espresso bars,"Toronto, Canada",google_maps
Martin Espresso Bar,"1421 Bloor St W, Toronto, ON M6P 3L4, Canada",,info@martinesb.com,(416) 531-1421,https://martinespressobar.ca/,espresso bars,"Toronto, Canada",google_maps
Mallo Coffee & Bar,"785 Bathurst St, Toronto, ON M5S 1Z5, Canada",,info@mallo.ca,(647) 351-8060,http://www.mallo.ca/,espresso bars,"Toronto, Canada",google_maps
Nine Bar Coffee,"477 Davie St, Vancouver, BC V6B 2G2, Canada",,info@ninebar.ca,(604) 781-6461,http://ninebar.ca/,espresso bars,"Vancouver, Canada",google_maps
Milano Espresso Lounge,"36 Powell St, Vancouver, BC V6A 1E7, Canada",,info@milanocoffee.ca,(604) 558-0999,https://www.milanocoffee.ca/,espresso bars,"Vancouver, Canada",google_maps
CICLO ESPRESSO & COCTELES COAL HARBOUR,"1020 W Cordova St, Vancouver, BC V6C 0B2, Canada",,info@persesocialcorner.com,(604) 336-8564,https://cicloespressocafe.com/,espresso bars,"Vancouver, Canada",google_maps
Aperture Coffee Bar,"4124 Main St, Vancouver, BC V5V 3P7, Canada",,aperturecoffeebarmain@gmail.com,(604) 620-8056,http://www.aperturecoffeebar.com/,espresso bars,"Vancouver, Canada",google_maps
Sextant Coffee Roasters,"1415 Folsom St, San Francisco, CA 94103, USA",,info@sextantcoffee.com,(415) 355-1415,http://sextantcoffee.com/,espresso bars,"San Francisco, USA",google_maps
The Buena Vista,"2765 Hyde St, San Francisco, CA 94109, USA",,thebuenavista@comcast.net,(415) 474-5044,http://www.thebuenavista.com/home/home.html,espresso bars,"San Francisco, USA",google_maps
Ocean Beach Cafe,"734 La Playa St, San Francisco, CA 94121, USA",,aloha@oceanbeachcafe.com,(415) 753-9352,https://www.oceanbeachcafe.com/,espresso bars,"San Francisco, USA",google_maps
Dento Piano Cafe and Bar,"1339 Folsom St, San Francisco, CA 94103, USA",,dentopianocafebar@gmail.com,,https://www.dentopianocafebar.com/,espresso bars,"San Francisco, USA",google_maps
Caffè dello Sport,"308 Hanover St, Boston, MA 02113, USA",,mivan@caffedellosport.net,(617) 523-5063,https://www.caffedellosport.net/,espresso bars,"Boston, USA",google_maps
Broadsheet Coffee Roasters,"100 Kirkland St, Cambridge, MA 02138, USA",,hi@broadsheetcoffee.com,(617) 945-2867,https://broadsheetcoffee.com/,espresso bars,"Boston, USA",google_maps
Nine Bar Espresso,"11 Holland St, Somerville, MA 02144, USA",,ninebarespresso.somerville@gmail.com,(617) 764-1915,https://www.ninebarespresso.net/,espresso bars,"Boston, USA",google_maps
4th Ave Espresso Bar,"1208 4th Ave, Seattle, WA 98101, USA",,olympic@fairmont.com,(206) 287-4008,https://www.fairmont.com/seattle/dining/fourth-ave-espresso-bar/,espresso bars,"Seattle, USA",google_maps
Uptown Espresso - Belltown,"2504 4th Ave, Seattle, WA 98121, USA",,office@uptownespresso.com,(206) 441-1084,https://www.uptownespresso.com/,espresso bars,"Seattle, USA",google_maps
Cafe Allegro,"Alleyway, 4214 University Wy NE, Seattle, WA 98105, USA",,wholesale@seattleallegro.com,(206) 633-3030,http://www.seattleallegro.com/,espresso bars,"Seattle, USA",google_maps
Espresso Vivace Capitol Hill,"532 Broadway E, Seattle, WA 98102, USA",,info@espressovivace.com,(206) 860-2722,http://espressovivace.com/,espresso bars,"Seattle, USA",google_maps
The Fonte Bar at Rainier Square,"401 Union St Suite 201, Seattle, WA 98101, USA",,info@thefontebar.com,(206) 556-2790,https://www.thefontebar.com/,espresso bars,"Seattle, USA",google_maps
Goldvine Coffee Bar & Gallery,"2125 Western Ave, Seattle, WA 98121, USA",,info@goldvinecoffee.com,,https://www.goldvinecoffee.com/,espresso bars,"Seattle, USA",google_maps
Hey Brew Espresso,"Bristol Rd, Birmingham B29 6BD, UK",,info@heybrew.co.uk,07897 604081,http://www.heybrew.co.uk/,espresso bars,"Birmingham, UK",google_maps
Fern Coffee Bar,"324 Argyle St, Glasgow G2 8LY, UK",,hello@ferncoffee.co.uk,,http://www.ferncoffee.co.uk/,espresso bars,"Glasgow, UK",google_maps
Papercup Coffee Company,"603 Great Western Rd, Glasgow G12 8HX, UK",,info@papercupcoffee.co.uk,07719 454376,http://www.papercupcoffee.co.uk/,espresso bars,"Glasgow, UK",google_maps
Pigeon Espresso Bar,"1394 Blvd. De Maisonneuve Ouest, Montreal, QC H3G 0C8, Canada",,pigeons@pigeonespressobar.com,(514) 447-9570,http://pigeoncafe.ca/,espresso bars,"Montreal, Canada",google_maps
Eight Ounce Coffee,"2600 Portland St SE #2040, Calgary, AB T2G 4M6, Canada",,customers@eightouncecoffee.ca,(403) 457-9844,http://www.eightouncecoffee.ca/,espresso bars,"Calgary, Canada",google_maps
Kinky Lizard Cafe Espresso Bar,"78a/20 Royal St, East Perth WA 6004, Australia",,info@kinkylizard.com.au,(08) 6381 0014,http://www.kinkylizard.com.au/,espresso bars,"Perth, Australia",google_maps
Craic & Coffee,"6 Washington St, Centre, Cork, T12 E191, Ireland",,atendimento@dguests.com,085 748 1768,https://www.dguests.com/cardapio/craic.coffee01?fbclid=PAZXh0bgNhZW0CMTEAAaerk3PGF7rycn4EgkVXLY1KVucLthQCh7ZDs26Rm5NKrae0p_aFA3_ZNBnxUQ_aem_lnoE9FTrVTfT_rGB12yDVw,espresso bars,"Cork, Ireland",google_maps
Zephyr Café & Bar,"217 Wakefield Street, Wellington Central, Wellington 6011, New Zealand",Sarah Searancke,hello@zephyrcafe.co.nz,022 378 6951,https://www.zephyrcafe.co.nz/,espresso bars,"Wellington, New Zealand",google_maps
The Beanery by Mojo,"44 The Terrace, Wellington Central, Wellington 6011, New Zealand",,beanery@mojo.coffee,04 473 1903,https://mojo.coffee/collections/locations/products/beanery,espresso bars,"Wellington, New Zealand",google_maps
Cha Bar,"N-81, Barakhamba Rd, Block N, Connaught Place, New Delhi, Delhi 110001, India",,chabarkol@apeejaygroup.com,099109 94865,https://chabar.in/,espresso bars,"Delhi, India",google_maps
Savorworks Coffee & Chocolate,"9, Commercial Complex, Greater Kailash Part 3, Masjid Moth, Greater Kailash, Greater Kailash2, New Delhi, Delhi 110048, India",Our Team In,info@savorworksroasters.com,087506 17272,https://www.savorworksroasters.com/,espresso bars,"Delhi, India",google_maps
Café 27,"1St,2ND & 3RD FLOOR, Kailash Colony Market, H-S-26, Kailash Colony, Greater Kailash, New Delhi, Delhi 110048, India",,help+70093@cusiq.ai,098112 78880,http://cafe27.in/,espresso bars,"Delhi, India",google_maps
The Caffeine Baar Cafe & Roastery,"The Caffeine Baar, 1424/81, S End A Cross Rd, KSRTC Layout, 2nd Phase, J. P. Nagar, Bengaluru, Karnataka 560041, India",,info@thecaffeinebaar.com,096114 94141,https://www.thecaffeinebaar.com/,espresso bars,"Bangalore, India",google_maps
Alchemy,"The Chancery Pavilion, Residency Rd, Shanthala Nagar, Ashok Nagar, Bengaluru, Karnataka 560025, India",,sales@chanceryhotels.com,096119 81818,http://www.chanceryhotels.com/,espresso bars,"Bangalore, India",google_maps
Cafe Noir,"Unit No 206, The Collection, UB City, 24, Vittal Mallya Rd, KG Halli, D' Souza Layout, Ashok Nagar, Bengaluru, Karnataka 560001, India",,contact@cafenoir.in,080 4098 2050,https://cafenoir.in/,espresso bars,"Bangalore, India",google_maps
ARQA Lounge,"Shop No. 3, Ground Floor, Bin Hamoodah Tower Capital Centre - الروضة - المعارض - أبو ظبي - United Arab Emirates",,manager_arqa@outlook.com,050 344 1196,https://arqalounge.com/,espresso bars,"Abu Dhabi, UAE",google_maps
The Majlis,"Abu Dhabi International Airport, Terminal A - Al Matar - Zayed International Airport - Abu Dhabi - United Arab Emirates",,themajlis.shop@gmail.com,054 725 4180,https://themajlis.shop/,espresso bars,"Abu Dhabi, UAE",google_maps
Colnago Abu Dhabi,Colnago - Al Hidayriyyat - Al Hidayriyyat Island - Abu Dhabi - United Arab Emirates,,colnago.abudhabi@colnago.com,02 562 2953,https://colnagocaffe.com/,espresso bars,"Abu Dhabi, UAE",google_maps
Genzify Café & Culture Centre,"Riverplate Garden, Wuse, Abuja 900211, Federal Capital Territory, Nigeria",,hi@genzifyafrica.com,0812 451 9077,https://genzifyafrica.com/,espresso bars,"Abuja, Nigeria",google_maps
